Deedra,Abboud,2020,Senate,AZ,Deedra-Abboud-AZ
Eve,ReyesAguirre,2020,Senate,AZ,Eve-ReyesAguirre-AZ
Joe,Arpaio,2020,Senate,AZ,Joe-Arpaio-AZ
Bob,Bishop,2020,Senate,AZ,Bob-Bishop-AZ
Craig,Brittain,2020,Senate,AZ,Craig-Brittain-AZ
Christian,Diegel,2020,Senate,AZ,Christian-Diegel-AZ
Michelle,Griffin,2020,Senate,AZ,Michelle-Griffin-AZ
Doug,Marks,2020,Senate,AZ,Doug-Marks-AZ
Martha,McSally,2020,Senate,AZ,Martha-McSally-AZ
Chris,Russell,2020,Senate,AZ,Chris-Russell-AZ
Richard,Sherzan,2020,Senate,AZ,Richard-Sherzan-AZ
Kyrsten,Sinema,2020,Senate,AZ,Kyrsten-Sinema-AZ
Nicolas,Tutora,2020,Senate,AZ,Nicolas-Tutora-AZ
Kelli,Ward,2020,Senate,AZ,Kelli-Ward-AZ
Donald,RAdams,2020,Senate,CA,Donald-RAdams-CA
Jerry,LeonCarroll,2020,Senate,CA,Jerry-LeonCarroll-CA
Erin,Cruz,2020,Senate,CA,Erin-Cruz-CA
Kevin,deLeon,2020,Senate,CA,Kevin-deLeon-CA
Michael,Eisen,2020,Senate,CA,Michael-Eisen-CA
John,Estrada,2020,Senate,CA,John-Estrada-CA
Dianne,Feinstein,2020,Senate,CA,Dianne-Feinstein-CA
Tim,Gildersleeve,2020,Senate,CA,Tim-Gildersleeve-CA
Eugene,PattersonHarris,2020,Senate,CA,Eugene-PattersonHarris-CA
Alison,Hartson,2020,Senate,CA,Alison-Hartson-CA
David,Hildebrand,2020,Senate,CA,David-Hildebrand-CA
Charles,JuniorHodge,2020,Senate,CA,Charles-JuniorHodge-CA
Timothy,CharlesKalemkarian,2020,Senate,CA,Timothy-CharlesKalemkarian-CA
Caren,Lancona,2020,Senate,CA,Caren-Lancona-CA
Patrick,Little,2020,Senate,CA,Patrick-Little-CA
Richard,ThomasMead,2020,Senate,CA,Richard-ThomasMead-CA
John,Melendez,2020,Senate,CA,John-Melendez-CA
Douglas,HowardPierce,2020,Senate,CA,Douglas-HowardPierce-CA
Clifton,Roberts,2020,Senate,CA,Clifton-Roberts-CA
Jazmina,Saavedra,2020,Senate,CA,Jazmina-Saavedra-CA
Stephen,JamesSchrader,2020,Senate,CA,Stephen-JamesSchrader-CA
Ling,LingShi,2020,Senate,CA,Ling-LingShi-CA
Steve,Stokes,2020,Senate,CA,Steve-Stokes-CA
Michael,Ziesing,2020,Senate,CA,Michael-Ziesing-CA
Ann-Marie,Adams,2020,Senate,CN,Ann-Marie-Adams-CT
Matthew,Corey,2020,Senate,CN,Matthew-Corey-CT
Chris,Murphy,2020,Senate,CN,Chris-Murphy-CT
Dominic,Rapini,2020,Senate,CN,Dominic-Rapini-CT
Chuck,Boyce,2020,Senate,DE,Chuck-Boyce-DE
Tom,Carper,2020,Senate,DE,Tom-Carper-DE
Joe,Allen,2020,Senate,FL,Joe-Allen-FL
Augustus,SolInvictus,2020,Senate,FL,Augustus-SolInvictus-FL
Lateresa,AnnJones,2020,Senate,FL,Lateresa-AnnJones-FL
Edward,Janowski,2020,Senate,FL,Edward-Janowski-FL
Tamika,Lyles,2020,Senate,FL,Tamika-Lyles-FL
Bill,Nelson,2020,Senate,FL,Bill-Nelson-FL
Marcia,RobertaThorne,2020,Senate,FL,Marcia-RobertaThorne-FL
